node,Panorama Hotel,40.0997564,19.7673058
node,,40.0931717,19.7550125
node,Corfu Garden Village,39.7928583,19.8052366
node,Roda Garden Village,39.7910787,19.8003881
node,Taverna Marina,39.6102584,19.7783424
node,Acharavi Beach Hotel,39.7973607,19.8166745
node,Robolla Beach,39.7951180,19.7811907
node,Ibiscus Corfu (former Mirabell),39.7964376,19.7736202
node,Η Παλιά Περίθεια,39.7645004,19.8750034
node,Ninos Restaurant,39.5866601,19.9139534
node,Taverne Alkinos,39.5822971,19.9134538
node,The White House,39.7423755,19.9330884
node,Taverna Nikolas,39.7358524,19.9290859
node,Taverna Agni,39.7364709,19.9292302
node,Cafe Bar 92,39.6251555,19.9238208
node,Apraos Bay Hotel,39.7964692,19.8901604
node,Visions,39.7891511,19.9209808
node,Seasons Cafe,39.7884942,19.9193072
node,Petrino,39.7884382,19.9190805
node,Taverna Harry's,39.8019250,19.8703670
node,RESTAURANT,39.8017309,19.8704820
node,Hatzos Taverna,39.7868490,19.8756885
node,Karbouris Taverna,39.8088564,19.8657776
node,Ma Cocotte,39.5915116,19.9175759
node,Spider Cafe,39.6152844,19.8428629
node,Nefeli Corfu,39.6642766,19.8504264
node,Alexandros,39.5924198,19.8207919
node,O Foros,39.5918690,19.8217353
node,Roula's Taverna,39.5914178,19.8218416
node,Pelekas Cafe,39.5919459,19.8220493
node,Agnes,39.5917069,19.8219275
node,Jimmy's,39.5921907,19.8210585
node,Antonis,39.5918652,19.8210025
node,Roumeli,39.7274148,19.9036105
node,,39.7258915,19.9050053
node,Kiki's Apartment,39.7197193,19.8694880
node,,39.7898161,19.9221929
node,,39.7900030,19.9220929
node,,39.6216522,19.9227405
node,,39.6219077,19.9227486
node,,39.6212582,19.9228929
node,,39.7187947,19.8707218
node,,39.7190010,19.8709900
node,Stathis,39.6273211,19.9149379
node,Grand Mediterraneo,39.6128903,19.7786744
node,Pool Bar,39.6517114,19.8296369
node,,39.6474830,19.8541431
node,,39.6473261,19.8538480
node,Pool Bar,39.6476937,19.8551864
node,,39.6471133,19.8534645
node,Eucalyptus Taverna,39.7673904,19.9485162
node,Ψησταριά,39.7079704,19.8443654
node,Aristea,39.6904420,19.8292847
node,Bistro Boileau,39.6460496,19.8504181
node,Ιστιοπλοϊκός Όμιλος Κερκύρας,39.6242585,19.9285626
node,,39.8153690,19.8664777
node,Σιναράδες,39.5655224,19.8482242
node,Apxontapiki,39.5657147,19.8486172
node,Αερόστατο,39.5648214,19.8393422
node,Fantasy,40.0753015,20.1382983
node,Iliada Beach Hotel,39.6533002,19.8435076
node,Molfetta Beach Hotel,39.6498564,19.8430689
node,,39.7455733,20.0182135
node,Hermes Xenon,39.6226519,19.9190314
node,Cafe Royal,39.5918318,19.9171300
node,Kanoni,39.5915545,19.9173603
node,Art Cafe,39.6256013,19.9251749
node,Golden View,39.5520542,19.8623446
node,Sunset,39.5939266,19.8208973
node,Mapo,40.0744887,20.1392555
node,,39.6078956,19.9142948
node,Τριλογία,39.7927639,19.9199791
node,Taverna Cavo Barbaro,39.7784836,19.9388619
node,Shehu,40.0807414,20.1387879
node,FOROS,39.7648537,19.8750694
node,Emily's Apartments,39.7839621,19.9227208
node,Europa,39.6244892,19.9088936
node,JOY'S,39.6893652,19.8288498
node,Andreas,39.6833471,19.8414582
node,La Casa,39.6746160,19.8391013
node,Ta Diktia,39.6830013,19.8413117
node,Malibu,39.6812046,19.8407159
node,Scheria,39.6854841,19.8420382
node,Kirki,39.6789831,19.8383720
node,La Bonita,39.6851303,19.8379898
node,La Veranda,39.6810788,19.8373134
node,Oscar,39.6787781,19.8384252
node,Primavera,39.6729362,19.8399738
node,,39.6775791,19.8388114
node,Αρτιον,39.6850243,19.8378815
node,Victoria Hotel,39.6849779,19.8362748
node,Foinike,39.9069031,20.0408890
node,Milto`s,39.7060824,19.8434519
node,Asteria,39.6948315,19.8378000
node,Da Marco,39.6959934,19.8378156
node,Mega,39.6995065,19.8390445
node,Mouratoros,39.6874725,19.8430131
node,Peking,39.7010132,19.8399221
node,,39.6953457,19.8377156
node,Naoyza,39.6992446,19.8388650
node,Stathis,39.7032600,19.8412698
node,Sunrise,39.7012487,19.8400845
node,Bistro Vinieri,39.6856316,19.8356826
node,L'Incontro,39.6900923,19.8167138
node,Taverna Limeri,39.6889047,19.8301267
node,Taverna Panorama,39.6896978,19.8335414
node,Avalle Bistro,39.6628424,19.8449497
node,Acharavi Park,39.7911898,19.8141947
node,Cafe Emilys,39.7180636,19.7933167
node,Καφετέρια Παντοκράτορας,39.7477494,19.8722460
node,Jason,39.6989136,19.8340225
node,San Remo,39.6941063,19.8326716
node,Restaurant Porto Palermo,40.0630634,19.7946449
node,Hotel Dhima,40.0970101,19.7539396
node,Restaurant Dhima,40.0969700,19.7539461
node,Taverna Kouloura,39.7440770,19.9405793
node,,40.0998262,19.7673109
node,Angelos Bar,39.7890156,19.9207022
node,Beach Bar,39.6208675,19.9246188
node,Dimakos,39.7981690,19.8840350
node,The old man's pub,39.7716291,19.9984329
node,Govina 7,39.6583799,19.8391814
node,,39.7740987,19.8465284
node,,40.0771220,20.1487914
node,Roda Beach Resort & Spa,39.7960528,19.7788153
node,New Space,39.8729299,20.0047449
node,Krahu i Shqiponjës,39.8730024,20.0049830
node,Bar Restraunt Pasqyra,39.8040586,20.0052196
node,,39.9230814,20.1916923
node,,39.9249546,20.1926424
node,,39.9250527,20.1928335
node,Kalemi,40.0745647,20.1345306
node,,40.0854132,20.1676415
node,Relax,40.0747213,20.1392679
node,Shehu Family Cafe,40.0806581,20.1386873
node,Autostop,40.0077164,20.2055074
node,,39.9397670,20.2231634
node,Rixhi,39.8635762,20.0194696
node,Vitamins,39.7273696,19.9033911
node,The Rocks,39.7281419,19.9134335
node,The Olive Press,39.7240592,19.8961493
node,MARY'S LAB,39.7241009,19.8966646
node,Hotel Era,39.8529023,20.0228983
node,Kujtimi,40.0747480,20.1386018
node,Ψαροταβέρνα Αγιος Ανδρεας,39.7978683,19.7515686
node,Villa Tasos,39.7963308,19.8187978
node,The Pumphouse,39.7919299,19.8163115
node,Οδυσσέας,39.7919645,19.8157743
node,Fuego,39.7952328,19.8108147
node,Adonis,39.7909698,19.8133039
node,Apagio,39.7915713,19.8132211
node,Orpheus,39.7912781,19.8144354
node,Hovoli,39.7908805,19.8140606
node,Da Gino,39.7906792,19.8134101
node,Filaraki,39.7905589,19.8129827
node,Navigator,39.7938594,19.8078689
node,,39.7886147,19.8069670
node,,39.7902809,19.8122421
node,Barden,39.7936376,19.8074030
node,Kormoranos,39.7937657,19.8076923
node,Nefeli,39.7935023,19.8072372
node,12 Gods,39.7930543,19.8057590
node,Beach Front Salvanos,39.7938846,19.8082525
node,Αφρός Ταβέρνα,39.7948966,19.8102132
node,Alex's Taverna,39.7946612,19.8096667
node,Elena Apartment,39.7903847,19.8059033
node,Faros,39.7950369,19.8105287
node,Woody's,39.7950466,19.8106313
node,Almar,39.7932190,19.8175808
node,Central,39.7924308,19.8164396
node,Internet cafe,39.7921699,19.8159391
node,Ippocrates Apartments,39.7948718,19.8108222
node,Istros,39.7910131,19.8144757
node,Mythos,39.7930419,19.8173598
node,Tet a Tet,39.7925231,19.8165794
node,Kafeneio,39.7932425,19.8182275
node,Hot Spot,39.7896387,19.9220513
node,Oassis,39.7901122,19.9211054
node,Paraskevi Apartments,39.6965655,19.8282046
node,Hotel Marida,39.6162456,19.8482328
node,Kosta's Taverna,39.6157836,19.8484966
node,Ari,39.8734871,20.0062972
node,Epirus,39.8716492,19.9947183
node,Limani,39.8737274,20.0082851
node,Coconela,39.6213225,19.9185562
node,,39.6214075,19.9188791
node,Deseo,39.6215534,19.9188062
node,Maistro,39.7961314,19.8128277
node,Coffeeway,39.6228780,19.9198995
node,Bellissimo,39.6251754,19.9209189
node,Palma Boutique Hotel,39.6807923,19.8377732
node,O Mylos,39.6640774,19.8498940
node,Marilena,39.7087507,19.8433398
node,Palegro,39.6641205,19.8528735
node,,39.9491526,20.0975959
node,Melina Bay Boutique Hotel,39.7907833,19.9218762
node,Virginia's Place,39.7904510,19.9236822
node,Louis Kerkyra Golf Hotel,39.6346641,19.8856037
node,Bella Mare,39.7792270,19.9370881
node,Πολύτεχνο,39.6244244,19.9178656
node,Royal boutique,39.5924169,19.9175331
node,DIVANI HOTEL,39.5985229,19.9223865
node,Hellinis,39.5938680,19.9169760
node,FLISVOS RESTAURANT,39.5907482,19.9179603
node,Siorra Vittoria Boutique Hotel,39.6226132,19.9213924
node,Captain George,39.5925035,19.9177944
node,REX,39.6243169,19.9236460
node,Kodra,40.0757006,20.1387639
node,Hotel Alfa,39.8532834,20.0225690
node,Φιλιππας,39.6526633,19.8424096
node,Wild Rose,39.6545919,19.8422922
node,BBQ Art,39.6533855,19.8422435
node,Desperados,39.6534629,19.8420450
node,Tzoumerka Grill House,39.6527949,19.8424874
node,Panorama,39.6251723,20.1814219
node,Αλέκος,39.6255202,20.1811586
node,Faros,39.6253380,20.1813021
node,,39.5854339,19.8169661
node,Mare Bed&Breakfast,40.0957142,19.7542093
node,,40.0961708,19.7538583
node,Mapo,40.0745468,20.1393190
node,El Dorado,40.0748454,20.1394335
node,Sofra,40.0747871,20.1393807
node,The Park,40.0746548,20.1393579
node,Taverna Dashi,39.9755167,19.9156340
node,Hotel Livia,39.7456949,20.0182347
node,Hotel Aulona,39.8753717,20.0102466
node,Andon Lapa 1,39.8705835,19.9973304
node,Panorama bar,39.7098830,19.8241175
node,Corfu Mare Boutique Hotel,39.6284596,19.8965326
node,Cool & Fresh,39.7902640,19.9216531
node,Thraka - Grill House,39.7903317,19.9215138
node,Aphrodite Apartments,39.7247697,19.8937877
node,Fish Taverna Gregorys,39.7965910,19.7529747
node,Niku,39.8732657,20.0016869
node,Roberto e Fei,39.6525467,19.8441619
node,Rolling Stone,39.5864301,19.8194820
node,Aler hotel,39.8550491,20.0214641
node,Dimitri's Studios,39.7959134,19.8149747
node,,39.9704694,19.9139860
node,Cafetierra,39.6215708,19.9236758
node,,39.8009288,20.0014279
node,,39.8008176,20.0014601
node,Sunset,39.7789646,20.0069191
node,Three brothers,39.7951736,19.7563246
node,Bougainville Bay,39.8633605,20.0175058
node,Snack Bar Neon,39.7774974,19.7867080
node,Gyroperasma Souvlaki,39.6138937,19.9109783
node,,39.5618486,19.9048586
node,Bella Vista Restaurant Cafe,39.5617978,19.9051818
node,Επίσκεψη,39.7590556,19.8169031
node,Old Bazaar 1790,40.0734373,20.1370480
node,,40.0074387,19.9048440
node,Aluizni,40.0739480,20.1376446
node,Casa flora & Linda,40.0740570,20.1376554
node,Korça bar restaurant,39.7709906,19.9980969
node,VillaThalassa,39.7982209,19.8849544
node,Century Resort,39.7915880,19.8200770
node,Odaja,40.0739276,20.1391541
node,Vila Abedini-Ksamil,39.7653062,20.0010253
node,Family suites,39.7741338,20.0050310
node,Piceri Oxhaku,39.7694100,20.0005281
node,grill room ammoz,39.7899361,19.7948486
node,Taverna Riviera,39.7186256,19.8705692
node,igera,39.7238534,19.8968787
node,Glyfa Tavern,39.7236726,19.8839635
node,Almyra Beach Bar,39.7241324,19.8968523
node,,39.7244532,19.8858282
node,Sousouro,39.7891473,19.9212099
node,Wave,39.7910463,19.9222651
node,Sette Venti,39.6259149,19.9105869
node,toucan beach bar,39.6707623,19.8492172
node,kristal,40.0710963,20.1590911
node,,39.6262074,19.9032742
node,TA PSARAKIA TSI GARITSAS,39.6109050,19.9231844
node,Nebo,39.7712763,20.0027201
node,Maliq coffee shop,39.8773242,20.0057631
node,Bar-Restorant Qesari,39.8735342,20.0105653
node,Oassis,39.7438496,19.8374684
node,La Petite,39.8686303,20.0146511
node,,39.7729116,20.0000503
node,,39.6241362,19.9193822
node,Penelope Appartments,39.6739576,19.8371264
node,,40.0759003,20.1373157
node,,39.6230094,19.9187960
node,La Bière,40.0790228,20.1372713
node,Boçi,39.9497127,20.0968677
node,,39.9595617,19.9619465
node,El Greco,39.5588203,19.9110186
node,Zephyros,39.8080865,19.8373943
node,Spartilas - Corfu,39.7178068,19.8447625
node,Magna Graezia,39.6755504,19.8386739
node,,39.7902117,19.7923190
node,Μυρτιοτισσα,39.6003138,19.8013312
node,Hotel Paskali,39.8696041,20.0023084
node,Kuka,40.0737158,20.1372783
node,Rrapi,40.0748941,20.1386474
node,105,40.0745860,20.1386918
node,,40.0733973,20.1389185
node,,40.0737339,20.1380970
node,Bar Kafe Riviera Prodime Zgare,40.0614642,19.8577099
node,Πυξίδα,39.7870240,19.7891023
node,Golden Beach Hotel,40.0978294,19.7532615
node,Ujvara e Borshit Restaurant,40.0619243,19.8577348
node,Taverna Tsaka,39.8736596,20.0110246
node,Red Indian,40.0988945,19.7518410
node,Corfu Residence,39.7256724,19.8921023
node,Restaurant Eagle's Wing,39.8730183,20.0050008
node,Hotel Porta Eda,39.8739217,20.0087741
node,Cafe under an ancestral plane tree,40.0306825,20.2637633
node,The Sea shells,39.7166014,19.8679610
node,Restaurant Gostivari Saranda,39.8730109,20.0130663
node,Hotel Take,40.0349181,19.8662914
node,Kurveleshi,40.0740924,20.1385996
node,GNM's,39.6450731,19.8517484
node,Απόβραδο,39.6659600,19.8536686
node,LaYo's,39.8625484,20.0188798
node,Taverna To Pouli Tsi Kotas,39.5614226,19.8985443
node,Hotel Kent,39.8571828,20.0205875
node,Bostonia Village,39.8050867,19.8329833
node,,39.8622682,20.0179451
node,Odhisea,40.0524112,19.8328951
node,Kshira Oasis,40.0524014,19.8323559
node,Livadi Nafsika,39.6778423,19.8368465
node,Squirrel,39.6949352,19.8359442
node,Moby Dick,39.7059492,19.8434208
node,Alexandros,39.6767953,19.8393778
node,Averto,39.6241022,19.9200503
node,Vasilis,39.6769101,19.8393472
node,Castello,39.6781687,19.8386768
node,Veranda,39.6272890,19.9231955
node,Alexakis,39.6106250,19.9238003
node,60 needles,39.6895189,19.8286198
node,Leonidas,39.6824818,19.8374956
node,Mythos,39.6818542,19.8376784
node,The old school,39.7902327,19.9219648
node,Gerekos,39.6450451,19.8523456
node,Mouragia,39.6272404,19.9232462
node,Tristrato,39.6300370,19.7719240
node,Eden,40.0796986,20.1376439
node,The Mussel House Restaurant,39.7885787,20.0113545
node,Taverna Hellas,39.8154110,19.8630042
node,,39.8776327,20.0037700
node,Hotel Klironomi,39.8732506,20.0057821
node,Πιτονοστιμιές,39.6257099,19.9194047
node,,39.7885449,19.9206223
node,,39.7903383,19.9218130
node,Taverna Levanda,39.7877412,19.9208457
node,"Restaurant ""Zeffiros""",39.5793879,19.9130309
node,like ...more than a Creperie,39.8723388,20.0024164
node,Αλεγρία,39.7900844,19.8115674
node,Palma,39.7681656,19.9994160
node,,39.7715512,20.0026240
node,,39.7726271,20.0022479
node,Mythos Taverna,39.8019856,19.8350082
node,,39.7727646,20.0004757
node,Suita familjare,39.7751179,20.0054028
node,Starbucks,39.6230333,19.9233559
node,Μικρό café,39.6247650,19.9212856
node,Veranda,40.0580164,19.8216573
node,,39.7718347,20.0024490
node,,39.6108191,19.9226949
node,Rizarjo,39.7724715,20.0093095
node,Rizarjo,39.7724088,20.0095152
node,Rizarjo hotel,39.7723200,20.0091690
node,Rizarjo hotel,39.7723204,20.0088286
node,A. Muco,40.0745611,20.1390847
node,Lori's traditional house,40.0758555,20.1391785
node,Aronda,39.6796485,19.8367582
node,Roula,39.6507007,19.8562461
node,,39.6209812,19.9173007
node,,39.9148438,20.1826352
node,,39.9333680,20.2064124
node,,39.7737381,19.9309856
node,,39.6549312,19.8383931
node,,39.7890444,19.9188947
node,Ammus Restaurant,39.8155956,19.8663643
node,,39.6248426,19.9229251
node,,39.6267225,19.9217718
node,Te Bequa,39.8748891,20.0078220
node,Violeta,40.0619731,19.8573146
node,Titania,39.8730244,20.0041327
node,Λαδόκολλα Ψησταριά,39.6400676,19.8046823
node,Sea You,39.6247736,20.1814861
node,Σκάλωμα,39.6245763,20.1815732
node,"Creperie ""Koukounara""",39.6247080,19.9219036
node,Marikseli,39.7762106,20.0067874
node,,39.6703888,19.8183650
node,Xhumba,39.9970705,20.2151188
node,Η Πίτα του Παππού,39.6239003,19.9229037
node,Beshiri,39.9967680,20.2147734
node,Wilde Rose Hotel & Restaurant,39.6867883,19.8385408
node,Pyramid City Bar,39.8154109,19.8657414
node,Medusa,39.7947393,19.8099326
node,Ichnilatis,39.7903903,19.8115933
node,,40.0850943,20.1434564
node,Gerald,40.0839235,20.1449827
node,,40.0851289,20.1434288
node,House of Beer,40.0853949,20.1432439
node,Drino,40.0851620,20.1434034
node,,40.0650340,20.1672040
node,,40.0618895,20.1731733
node,Sweet Shop Kalimera,40.0133195,20.1994776
node,,40.0512623,20.1780295
node,,40.0484557,20.1771892
node,Shena,39.9113164,20.1028308
node,,39.9173676,20.1353233
node,,39.9092497,20.0922024
node,,39.9008674,20.0847552
node,,39.8783698,20.0326785
node,,39.8751919,20.0301451
node,SOS Bas,39.8744734,20.0070104
node,Cocktail bar,39.8734191,20.0122137
node,Paradise,39.8718952,20.0136757
node,Grand Hotel,39.8691628,20.0141754
node,Strora,39.8703798,20.0144836
node,River Side,39.8475981,20.0260071
node,Tanis,39.8673765,20.0158580
node,Café Italian,39.8656986,20.0161631
node,Aragosta,39.8614083,20.0199034
node,Coffee House,39.8784080,20.0029695
node,,39.8700921,20.0189745
node,Ostria,39.8687554,20.0207715
node,,39.9317069,20.0592815
node,,39.9386828,20.0618240
node,,39.9481034,20.0836119
node,,39.9489321,20.0970264
node,Cafe Bosi,39.9213215,20.0403716
node,Byrektore Dauti,40.0740714,20.1388851
node,,40.0743492,20.1390558
node,Kashahu,40.0744386,20.1390285
node,Gjoca,40.0742833,20.1388464
node,Bar Grey stone Room,40.0738858,20.1390223
node,,40.0847976,20.1442324
node,,40.0840134,20.1438138
node,Κέρκυρα,39.6452526,19.8599553
node,,39.8509495,20.0215631
node,ΤΟ ΜΟΥΡΕΤΟ,39.7207597,19.8410959
node,,39.7177689,20.0742438
node,,40.0797194,20.1382082
node,Sunrise,39.7872814,19.7506449
node,Ταβέρνα Κερασιά,39.7548796,19.9428274
node,Spiros,39.6046674,19.7959271
node,DiZi,39.6118058,19.7814135
node,Taverna Laberia,40.0798098,20.1382435
node,Imago,40.0808300,20.1365407
node,,39.6316383,19.7622181
node,,39.6322491,19.7619155
node,Ταβέρνα Θωμάς,39.6661538,19.8435475
node,,39.6342485,19.7806889
node,,39.7077546,19.7955310
node,Taverna-Bar Sea View,39.6662290,19.8526456
node,,39.6669743,19.8432706
node,,39.6672582,19.8514339
node,Taverna Greca,39.6635097,19.8436072
node,CAFé Mé,39.6623865,19.8432840
node,Taverna Thomas,39.6642417,19.8442993
node,Taverna Cafe To Kapilio,39.7150109,19.7924555
node,Lula,39.8709117,20.0024767
node,Mema,40.0069733,19.8897414
node,Summer Suite Hotel,39.8706820,19.9977358
node,Sezar's,40.0587306,19.8235450
node,The old Anchor,39.9858158,19.9035458
node,Tavernas Rouvas,39.6227003,19.9192667
node,Kaphes me Zaxarè,39.6144568,19.9201685
node,Dolphin Restaurant,39.7906784,19.7889257
node,Hotel Blue Days,40.0370236,19.8645766
node,Hotel Saranda International,39.8560049,20.0209170
node,Hotel Angjelo,40.0367141,19.8664300
node,,39.8529274,20.0217673
node,Haxhi,39.8735928,20.0122969
node,Nefeli,39.7740690,19.8459498
node,Roda Park,39.7892792,19.7885308
node,Pirate's bar,39.7907298,19.7891385
node,Nikos Family Restaurant,39.7894157,19.7886021
node,Red Chili,39.7888471,19.7879594
node,,39.7916622,19.9223807
node,Hotel Kavalieri,40.0655593,19.8538800
node,Luna Mare,40.0459695,19.8512234
node,Solymar,40.0464951,19.8499391
node,Pizzeria Bar SunSet,40.0473860,19.8487027
node,Bar Cafe Restaurant New Paradise on the beach,40.0475543,19.8474512
node,Hotel Maestral,39.8664656,20.0162031
node,Maestral,39.8665499,20.0161807
node,,40.0570247,19.8173867
node,Horizonti Blu,40.0527046,19.8269403
node,Ansi,40.0068981,19.9046336
node,Hotel Elena,39.6099517,19.7798491
node,the old anchor,39.9859057,19.9034736
node,Golden Mare Resort,39.7205293,19.8744128
node,Mema,40.0070031,19.8897361
node,Φούρνος Αυγερινού,39.6248909,19.9091201
node,,39.6219685,19.9171224
node,Portokalli,40.0975929,19.7535475
node,Salto Wine Bar,39.6265474,19.9206356
node,Drossostalida,39.7972264,19.8149599
node,Filorian,39.7976416,19.8169836
node,Filorian,39.7979652,19.8165277
node,Neraida,39.7981609,19.8168844
node,,39.7982599,19.8170775
node,ILO-ILO Cafe Snack Bar,39.7915235,19.8151041
node,Stretto,39.8037742,19.8344287
node,Island,39.8051754,19.8328972
node,Akti Anastassia Apart Hotel,39.8048189,19.8278144
node,Gia-souvlaki,39.6244789,19.9195042
node,Abakas mezedopoleio,39.6244497,19.9192066
node,Philoxenia,39.6096018,19.7804071
node,Cafe Grec,39.6238505,19.9234894
node,3 Monkeys,39.6517248,19.8453462
node,Sayam,39.6515026,19.8454257
node,O2,39.6518703,19.8449709
node,Red Chilli,39.6526185,19.8439486
node,9 Muses,39.6526696,19.8443809
node,Vergina,39.6523533,19.8447277
node,Karnveer,39.6519423,19.8448631
node,Molfetta Beach Bar,39.6533776,19.8443830
node,RIVIERA,40.0617007,19.8576052
node,Iliada,39.6536168,19.8439923
node,,39.6539488,19.8427765
node,Leon,39.6537166,19.8421042
node,Yamas Coffee,39.6531653,19.8422236
node,The Best,39.6520349,19.8447861
node,Mythos,39.6522074,19.8446720
node,Palmyra,39.6523644,19.8444982
node,l’Artisan,39.6560869,19.8401771
node,Romeos,39.6559884,19.8408301
node,Giardini d’Italia,39.6547394,19.8417337
node,La Kantas,39.6549961,19.8414183
node,My Place,39.6540986,19.8423886
node,Sweet & Savory,39.6540780,19.8405698
node,Orpheus,39.6542951,19.8423951
node,Pizza Edi,40.0851155,20.1427081
node,Check In,40.0737475,20.1377868
node,Pizza Me Gusta,40.0811178,20.1421880
node,,39.5673999,19.9092106
node,,39.6199255,19.9181734
node,,39.6155253,19.9201849
node,Μέριανος,39.6214653,19.9167463
node,Mema,40.0070031,19.8897361
node,,39.6160973,19.9119494
node,,39.5831139,19.9150510
node,,39.5770723,19.9133945
node,,39.8737276,19.9959927
node,Taverna Peshkatari,39.8738592,19.9945883
node,taverna kapiteni,39.8737899,19.9961967
node,Nefeli,39.7179327,20.0733455
node,Restaurant SHIJA E JUGUT,39.8619475,20.0194546
node,,39.8685387,19.9997384
node,Emeral,39.6222164,19.9178092
node,Coffee Island,39.6221473,19.9172609
node,Rialto Cafe,39.6217516,19.9173916
node,Metro Crepe Station,39.6213786,19.9181186
node,Souvlike,39.6221905,19.9172963
node,5th Avenue,39.6223853,19.9172791
node,Momen,39.6223482,19.9173864
node,Del Capo,39.6221124,19.9181275
node,Big Apple,39.6221950,19.9178619
node,Azienda Cafe,39.6220339,19.9188628
node,Miky Coffee,39.6210857,19.9186974
node,My Habit,39.6211818,19.9189786
node,Anch Anchor Bar & Restorant,39.8739747,20.0079938
node,Taverna Fish Land,39.8736140,19.9899716
node,,39.6958267,19.8329864
node,,39.6519527,20.1570608
node,Centrali,39.8734712,20.0120946
node,"Taverna ""The Garden""",39.8734094,20.0059045
node,21 Bar,39.8744974,20.0095816
node,,39.8754335,20.0071127
node,Hotel Keos,39.8523092,20.0246066
node,Taverna Xhorxhi,40.0691871,19.8265322
node,Πάπρικα,39.6156271,19.8944743
node,"Χασαποταβερνα ""Στη Λαδόκολλα""",39.9954689,20.2155632
node,Dominoes,39.6958187,19.8329140
node,Ο ΠΡΑΣΙΝΟΣ,39.7561517,19.7870137
node,,40.0809277,19.7666076
node,Hotel Bebej Tradicional,40.0688717,20.1406204
node,staurodromi,39.5962256,19.8254576
node,Sun-Splashed Skyline Apt.,39.5955165,19.8270762
node,Taverna Peshkatari,39.8736538,19.9901272
node,Island Restaurant & Pizza,39.7726081,20.0038736
node,Filipi,39.8717715,20.0009919
node,Gallerist,39.6247676,19.9226159
node,Hotel Riviera,40.0425441,19.8618902
node,Barbarossa Seafood Tavern & Pizza,40.0533238,19.8258222
node,,39.8743991,20.0076390
node,Hotel Piramida,39.7722949,20.0066723
node,Hotel Elita,39.7736601,20.0038039
node,Villa vista mare,39.7693386,20.0008591
node,Sumero gate Hotel,39.7716478,20.0021453
node,,39.8539108,20.0222437
node,,39.8749900,20.0090271
node,Hotel Nebo,39.7712302,20.0027640
node,King Hotel P. Poda,39.7725677,20.0025915
node,Afa Hotel,39.7727089,20.0042957
node,Poda boutique Hotel,39.7721014,20.0022655
node,Sunway area Hotel,39.7744283,20.0054833
node,Kristal,39.7748792,20.0018722
node,Classic Hotel,39.7752955,20.0055161
node,Roby e Gioi,39.7700344,20.0002916
node,Hotel Sole Mare,39.7703317,20.0005972
node,Delfini,39.7682890,20.0026619
node,Taste Fast Food Grill Traditional,39.7692267,20.0031555
node,Fladeno Beach-Bar Restaurant,39.7662768,19.9964726
node,Africana Beach Club,39.7700198,19.9978062
node,Sunrise,39.7663681,19.9969778
node,Giardino di Zoi,39.7666187,19.9969919
node,,39.7700133,19.9977683
node,Lori Beach Bar Restaurant,39.7660678,19.9943910
node,Delight Hotel,39.7652383,19.9947493
node,Luna,39.7673725,19.9981259
node,Ftelea Fish-Shop and Grill,39.7686042,19.9996254
node,Bianco Lounge Bar,39.7726786,19.9982824
node,Restaurant Te Joni,39.7695537,20.0037035
node,Joni,39.7683664,20.0019246
node,,39.7689239,20.0002467
node,Pema e Thate,39.7489588,19.9754794
node,Fish Taverna Filipi,39.8717859,20.0010719
node,Hotel Denoel,39.7664614,19.9972320
node,Lula,39.7645485,19.9961102
node,"Byrektore Prizreni, Apollonia St, Ksamil 970",39.7682423,20.0027442
node,Ohana Beach Bar Ksamil,39.7673548,19.9941899
node,Beach Bar Mango,39.7729447,20.0024044
node,"Albanien, Ksamil, Sea Breeze Snack Bar",39.7686480,19.9929902
node,Bar and Beach Reni-Risi,39.7686953,19.9913288
node,GUAPALOCA-Beach Bar,39.7757068,20.0012443
node,Restaurant Gjiri i Hartes,39.7928918,20.0019317
node,To Vromiko,39.6256305,19.9091972
node,,39.6256425,19.9193863
node,Libro d'Oro,39.6238889,19.9236263
node,,39.6268760,19.9060829
node,,39.6258040,19.9069163
node,,39.6270964,19.9150111
node,,39.6270908,19.9152646
node,Elia Homemade Greek Cuisine,39.6237701,19.9204235
node,,39.6247373,19.9237993
node,Agora,39.6260660,19.9200360
node,Marinas Tavern,39.6249410,19.9188522
node,,39.6264979,19.9169836
node,Mavros Tatoor,39.6258730,19.9197133
node,The Dream,39.6249881,19.9196945
node,Bristol,39.6238960,19.9220257
node,Dell' Acque,39.6238319,19.9219401
node,Xenia,39.6257805,19.9196555
node,,39.6258864,19.9123394
node,,39.6258288,19.9121770
node,,39.6256670,19.9119828
node,Άλσος Coffee & Food Bar,39.6256145,19.9117441
node,,39.6257496,19.9071694
node,Mapkas,39.6261174,19.9201547
node,,39.5702849,19.8942042
node,La Playa,39.8699315,19.9957329
node,Era,39.8699646,19.9980652
node,Old House Cocktail Bar,39.8708901,20.0023169
node,Taverna Fish Filipi,39.8719178,20.0010340
node,,39.6821729,19.8411775
node,Red Dragon,39.6836225,19.8405701
node,Etrusco,39.6891560,19.8346348
node,Nolita,39.6232116,19.9225761
node,Olive tree,39.6233957,19.9225742
node,Mylos,39.6298837,19.8950893
node,Asteras Snack Bar,39.7207489,19.8385084
node,,39.8732602,20.0138640
node,Pita Pita,39.6452488,19.8516327
node,Ammos Resort,40.0914999,19.7548410
node,Taverna Zorbas Kontokali,39.6450822,19.8556600
node,,39.8718561,20.0009609
node,Hotel Mikela,39.7701521,19.9993775
node,Mema,40.0070031,19.8897361
node,Cafe ARKOUDA,39.6243036,19.9213165
node,,39.5937449,19.9171245
node,Kafe Bar,39.9954272,19.9147046
node,,39.9956592,19.9150349
node,Joni,39.9941644,19.9149926
node,Villa Aldo,39.7664466,19.9984856
node,Family Kitchen Restaurant,39.7666128,20.0021426
node,Memento Kassiopi Resort Hotel 4,39.7833861,19.9259738
node,Cibo Mare e Terre,40.0976452,19.7534018
node,Kastro,39.7932606,19.9201706
node,Α Λα Παλαιά,39.7434794,19.8363184
node,Boozoovey's Café & Tavern,39.7489311,19.8420630
node,Ine's grill and beer,39.8706325,20.0143176
node,Lui Restaurant,40.0936466,19.7551568
node,Pane e Psaraki,39.6232212,19.9233201
node,Il Vesuvio,39.6220122,19.9226224
node,Hotel Camping Olimpik,40.0993528,20.1287042
node,,39.8757099,20.0053985
node,ElisAbeth,39.8759561,20.0054581
node,Lori,39.8734541,20.0006871
node,Milo:s kitchen,39.8765461,20.0042117
node,Iliria,39.8755510,20.0045048
node,,39.8727368,20.0032031
node,Summer,39.8738925,20.0075372
node,Elvis,39.8728957,20.0045968
node,Black light,39.8746238,20.0093386
node,Tatzati,39.8752498,20.0052150
node,Pini,39.8733937,20.0053706
node,Lion  Gate,39.8737591,20.0073103
node,Diamond,39.8743275,20.0083766
node,Sun n Blue,39.8741140,20.0086893
node,Baci a Tutti,39.8724147,20.0024875
node,Caci,39.8728850,20.0040389
node,Marini in Saranda,39.8737781,20.0110301
node,,39.8766028,20.0008361
node,Champlain,39.8734234,20.0004201
node,Ali Pasha,39.8761904,20.0006568
node,Cacalli,39.8732405,20.0036330
node,,39.8731719,20.0039095
node,Renato,39.8731582,20.0045720
node,Hotel Star,39.8752418,20.0098889
node,,39.8758000,20.0085318
node,Flames,39.8749091,20.0041475
node,Bo.Sa.Be,39.8738238,20.0045091
node,,39.8740860,20.0054047
node,Vila Bajrami,39.8747892,20.0049138
node,Tunelli,39.8727658,20.0144227
node,Tetova,39.8720796,20.0136040
node,Alpha,39.8708530,20.0140822
node,Apollo,39.8698786,20.0144194
node,Trumeza,39.8686082,20.0149008
node,Vetanda,39.8731121,20.0129282
node,Sunset,39.8704168,19.9986295
node,,39.8735183,19.9996559
node,Nepsi Pizza,39.8735392,19.9993944
node,Mare blu,39.8736142,19.9984930
node,,39.8737935,19.9955374
node,,39.8740368,19.9932142
node,Erioni,39.8718402,19.9918218
node,Magic blue,39.8704627,20.0024798
node,Friends,39.8713854,20.0009033
node,Peshku,39.8732583,20.0052120
node,Illyrian Boutique,39.8743959,20.0073443
node,Fishtime,39.8736502,20.0021664
node,Sejko,39.8688740,20.0144648
node,Murati Rooms & Suits,39.8682689,20.0153851
node,,39.8736179,19.9980542
node,Sandri,39.8736150,19.9915282
node,Valentino,39.8712757,20.0010166
node,Oro,39.8736645,19.9979055
node,Taverna Labëria,39.8696590,19.9996341
node,Corner,39.8747474,20.0040283
node,Qurku,39.8746985,20.0035669
node,,40.0725329,20.1574177
node,Gerald,40.0838897,20.1449297
node,,40.0814045,20.1449655
node,,39.8690661,19.9985305
node,Taverna Tradicionale,40.0710220,20.1372205
node,Karagjozi,40.0743600,20.1385920
node,Kalimera,40.0745809,20.1399515
node,Modus,40.0830163,20.1423633
node,Kotoni B+B,40.0736952,20.1366724
node,Bineri,40.0749313,20.1382683
node,ArgyropoIis,40.0759731,20.1343924
node,Musée,40.0760041,20.1346606
node,Bake,40.0742442,20.1363248
node,,40.0797495,20.1394759
node,,40.0801291,20.1384090
node,Argjiro,40.0802779,20.1388844
node,,40.0786917,20.1353403
node,Vila Vladimir,40.0755903,20.1497812
node,Coyote,40.0797281,20.1471578
node,,40.0800848,20.1480068
node,,40.0809694,20.1472197
node,Buondi,40.0848367,20.1437008
node,Spring,40.0785984,20.1356467
node,,40.0743662,20.1374659
node,,40.0476420,19.8703164
node,,40.0838408,20.1434295
node,Tribeca,40.0792329,20.1380424
node,Altini Garden,40.0793719,20.1381087
node,Media Club,40.0784592,20.1384462
node,Kufoi,40.0781716,20.1376584
node,,40.0814129,20.1431950
node,,39.6724562,19.8364597
node,Snack Bar,39.7437619,19.8372474
node,Areti's Place,39.5529105,19.8875508
node,,39.8018425,19.8703064
node,Ohana's Beach,40.0194222,19.8786735
node,Poseidon,40.0312180,19.8694152
node,Al Mare,40.0296495,19.8704674
node,The 92 Address,39.6251026,19.9237984
node,Safran Mediterranean,39.6252453,19.9196865
node,Anthos,39.6249141,19.9220476
node,,39.8713220,20.0136442
node,,39.8715310,20.0136491
node,,39.7293608,19.9009040
node,Hotel Alina,39.8689713,20.0147521
node,Στου Μακά,39.6400773,19.8047749
node,Aliko,39.8640811,20.0760780
node,,39.7599665,19.9338694
node,Ταβέρνα Ψησταριά Το Δίπορτο,39.6238831,19.9206788
node,,39.8550952,20.0215680
node,,39.8545909,20.0219975
node,Fourth Island,39.7713933,20.0042391
node,Artistico,39.6511302,19.8436345
node,,39.7725137,20.0043244
node,,39.6268653,19.9219455
node,Glyfada Mexas Club,39.5946008,19.8046260
node,Portafortuna Apartments,39.8534833,20.0223724
node,Aubergine,39.6253886,19.9239477
node,Manxurane,39.8642668,20.0172448
node,Art Hotel,39.8642794,20.0204709
node,Prinos,40.0967432,19.7540323
node,Kolngji,40.0979055,19.7531543
node,Kolngji,40.0979457,19.7531229
node,Sea View,40.0994973,19.7519554
node,FantaSea,40.0481507,19.8115646
node,Mozhaqi,39.9480043,19.9682155
node,,39.9591972,19.9621222
node,Tartaya Bar,39.6296393,19.8894569
node,Ταβέρνα Τάσος,39.5669654,19.9091817
node,Restorant & Evente PERLA,40.0722579,20.1573963
node,,39.8648517,20.0168729
node,Restorant Ioni,39.7701138,20.0039177
node,,39.8647709,20.0168526
node,Tawerna Erjoni,39.8748407,19.9887889
node,Summer Paradise Saranda Apartments,39.8724727,19.9938808
node,Hotel Oasis,39.8614299,20.0198745
node,,39.7306351,20.0227882
node,,39.8120515,19.8364689
node,Porta Remounda,39.6225919,19.9226489
node,Wallaby Hostel,39.8774838,20.0071259
node,,39.8747756,20.0174420
node,,39.7065015,19.8437786
node,Megusto,39.6235084,19.9197390
node,,40.0555133,19.8647897
node,Caffe Vergnano,40.0835166,20.1421847
node,Panorama Borsh,40.0556031,19.8647640
node,Vila Klodi,39.7692004,20.0042707
node,Taverna Muzina,39.9353626,20.2087307
node,Mare Nostrum,39.8703863,20.0147590
node,,39.8699717,20.0142872
node,,39.8698163,20.0142417
node,Restorant Isufi,39.8751992,20.0103709
node,,39.8627966,20.0187669
node,Le 5 Stelle,39.8722678,20.0152724
node,Νέον Καφέ,39.6237510,19.9148986
node,Le Grand Balkon Taverna,39.7083737,19.8477972
node,,39.7090222,19.8462797
node,Pizza Naos,39.6252615,19.9113929
node,Stefanos Place,39.7100536,19.8563683
node,7 Sins,39.7196689,19.8709531
node,Thy Mari,39.7056184,19.8431969
node,Dirty Nellies,39.7054784,19.8430925
node,Μπρίκι Παντοκαφενές,39.6217161,19.9121291
node,Natura,39.8646989,20.0298111
node,,40.0744492,20.1386310
node,Toula's Seaside,39.7362154,19.9291533
node,,39.6779035,19.8387472
node,Rustikana,40.0335556,20.1772217
node,Kolla,40.0338871,20.1792010
node,Kolla,40.0339281,20.1792981
node,Dropoli Palace,40.0339174,20.1788457
node,,40.0325646,20.1762274
node,,40.0722780,20.2573960
node,,39.7003730,19.7743530
node,Cherry Cafe,39.7179877,19.7933687
node,Bee Happy,39.7650868,19.8754882
node,,39.7003730,19.7741390
node,Argjiro,40.0743509,20.1394498
node,,39.8723226,19.9956931
node,Taverna Oxhaku,39.8714254,19.9987356
node,Rivoli,39.6244024,19.9238165
node,,39.6242727,19.9237448
node,,39.6244705,19.9238489
node,,39.6245543,19.9238635
node,,39.6249508,19.9239978
node,Λιστόν Καφέ,39.6241187,19.9236977
node,Espresso Bar,39.6264130,19.9206642
node,Orama,39.6261089,19.9209091
node,Da Giovanni,39.6214303,19.9237015
node,,39.6252959,19.9210858
node,,39.5650357,19.8844438
node,,39.6383201,19.8374905
node,,39.6372457,19.8388986
node,,39.6448022,19.8541011
node,,39.7962325,19.8849859
node,,39.7902045,19.9236951
node,,39.7929658,19.8172123
node,,39.8017938,19.8385796
node,,39.6760324,19.8393311
node,,39.7875397,19.9113442
node,,39.7899548,19.9234392
node,,39.7873830,19.9194872
node,,39.7905831,19.9237172
node,,39.7453346,19.9309382
node,Music Ηouse,39.7270946,19.8989853
node,,39.7189182,19.8680991
node,,39.7895928,19.9223787
node,,39.7633274,19.9327111
node,,39.7288359,19.9112195
node,,39.7186679,19.8671601
node,,39.7050715,19.8427451
node,,39.7196196,19.8697550
node,,39.6979714,19.8382427
node,,39.7062156,19.8435979
node,,39.6996397,19.8391804
node,Fish & Chips,39.6474878,19.8471612
node,,39.6916490,19.8378825
node,,39.6817624,19.8374062
node,Nadali,39.6331553,19.8801476
node,,39.6803803,19.8380373
node,Δώρα,39.6299239,19.8955945
node,,39.6285857,19.9003431
node,,39.6242536,19.9194289
node,Palette Café and Wine,39.6239422,19.9195379
node,,39.6239416,19.9198202
node,,39.6030124,19.8953700
node,Ταβέρνα Σπύρος,39.5665888,19.8863339
node,,39.5659998,19.8487358
node,,39.5678290,19.8470680
node,,39.5728782,19.8439148
node,,39.5918725,19.8224060
node,Tzovana,39.6069145,19.8121896
node,,39.6319621,19.7616965
node,,39.6438848,19.7632743
node,,39.6697332,19.7589178
node,,39.6348153,19.8005738
node,NYRNBERG,39.6313000,19.8022211
node,,39.6328662,19.8011260
node,,39.6097860,19.8129433
node,,39.5615906,19.9011061
node,,39.5905204,19.8945829
node,,39.6036159,19.8948476
node,,39.6106083,19.9028818
node,,39.6061230,19.8941204
node,Boiler,39.6153825,19.9102273
node,Agora,39.6262287,19.9198524
node,Hotel La Calma Dassia,39.6811676,19.8343911
node,Gouvia Hotel,39.6521319,19.8445863
node,Carpofoli Corfu Luxury Rentals,39.6139061,19.9168634
node,,39.7248561,20.0601261
node,Cozy,39.6249918,19.9190169
node,Firi Firi Beer House,39.6246323,19.9180070
node,Taverna Rustemi,39.8726398,19.9991149
node,Hotel Gjika,39.8751959,20.0120931
node,Mak Mak Bar,39.7879172,19.9208434
node,,39.8407730,20.1174219
node,,39.9376181,20.2674987
node,Chez Moi,39.7873930,19.9208640
node,Yasemine,39.7886539,19.9208199
node,The Orange Garden,39.7888001,19.9214634
node,Harbour Bar,39.7896485,19.9231466
node,,39.9593220,19.9620559
node,BOHO Cafe Lounge,40.0799004,20.1375746
node,Villa Theodora,39.5673215,19.8981816
node,Calondri Apartments,39.5651247,19.8962356
node,Conti Mansion,39.5614480,19.8983333
node,Anna,39.6250248,19.9075593
node,Thymari,39.6255578,19.9226439
node,Νίνος,39.6242366,19.9221659
node,Greco STR,39.6247969,19.9239145
node,Vila PaDen,39.7782358,20.0065590
node,Bar Restorant Solarus,40.0396053,19.8618953
node,COCKTAIL DREAMS,39.8713212,19.9941489
node,Braçe,40.0831837,20.1425739
node,Graci,40.0817320,20.1409652
node,Dreams,40.0817661,20.1411513
node,Iliria,40.0825542,20.1435273
node,Classic Coffee Bar,40.0790268,20.1378014
node,Freskia,40.0808733,20.1389925
node,The First Hotel,40.0809569,20.1391313
node,,40.0838110,20.1450185
node,,40.0813738,20.1396155
node,Caramel,40.0811560,20.1400872
node,,40.0789895,20.1364428
node,,40.0808267,20.1389385
node,Center,40.0799948,20.1377156
node,The First,40.0809873,20.1392033
node,Bleta,40.0814757,20.1414410
node,Vasho,40.0834881,20.1422149
node,,40.0801864,20.1379506
node,Starbucks,39.6061576,19.9149359
node,So Verry Greek,39.6063486,19.9148189
node,,39.7884917,19.7940409
node,,40.0845085,20.1452832
node,,39.9474124,20.0406229
node,Gorgona,39.5927577,19.8077534
node,Pazuzu,39.5924183,19.8079826
node,Time,39.8750314,20.0088667
node,Porta Eda,39.8740943,20.0085514
node,Nam,39.8726909,20.0139144
node,Del Mar Coffee & More,39.6261607,19.9038654
node,Louvre,39.6526121,19.8431589
node,Food for the Soul,39.6527770,19.8428506
node,O Sole Mio,39.6468666,19.8486412
node,Τα Κοκόρια,39.6248493,19.9231218
node,Εν στάσει,39.6217430,19.9154484
node,Bretagne,39.6121206,19.9153421
node,,39.6125798,19.9191726
node,Family Hotel Haruni,39.7671251,20.0020177
node,Kubè,40.0738731,20.1379063
node,Edua,40.0740324,20.1389490
node,,39.8512951,20.0219024
node,Καφέ Πέτρινο,39.6236138,19.9219728
node,Porta Otturata,39.6252501,19.9183605
node,Artur Apartments,40.0914625,19.7571479
node,,39.7660132,19.9964117
node,Soren,40.0938357,19.7553842
node,Thalassa Sea Food Taverna,39.7285801,19.9141130
node,good vibes only,39.7684379,19.9997300
node,Dai,40.0840585,20.1448463
node,Megas,40.0867179,20.1425927
node,edua,40.0740530,20.1389087
node,Castle Hotel,40.0718145,20.1368398
node,Ftelea,39.8643431,20.0173393
node,Dolce,39.8641454,20.0177309
node,,39.7901518,19.7874568
node,,39.7908963,19.7870439
node,,39.7912326,19.7873456
node,,39.7891450,19.7925651
node,Agrilia,39.7903177,19.7874056
node,,39.7905382,19.7873022
node,La Tabernita,39.6244688,19.9176009
node,,39.6236534,19.9214999
node,Gabao,39.6251577,19.9217321
node,Porcelani,39.6250185,19.9216500
node,Anthos,39.6252200,19.9217586
node,La Famiglia,39.6252234,19.9216763
node,,39.7162992,19.8675122
node,Bar Restaurant Bushi,40.0046199,19.8918123
node,Laguna Holiday Resort Corfu,39.8124397,19.8617836
node,Skyview,39.5928332,19.9170151
node,Hotel Memi,40.0638114,19.8501665
node,Bizoú Café,39.6253936,19.9217878
node,Coffee Shop,39.6228484,19.9198627
node,Arcadion,39.6234891,19.9233121
node,Έφη,39.6247876,19.9231033
node,Mikel,39.6233681,19.9209361
node,Kantina e Veres 'ISAK',39.8938707,20.0697645
node,Saranda Luxury Apartments,39.8711420,19.9954340
node,Gatime tradicion,40.0796583,20.1381578
node,Caffe Bar Seven,39.8749996,20.0083888
node,Takis Taverna,39.6453415,19.8520927
node,,39.6062182,19.8511428
node,Μανροηιέρνς Mavroniéris Café,39.5619909,19.9033998
node,Taverna Galim,39.7668187,19.9478632
node,"The Greek Taverna ""to Fagopotion""",39.7667201,19.9476256
node,Natalie,39.6510100,19.8605332
node,Strora Hotel,39.8703599,20.0144927
node,Saranda Restorant,39.8608440,20.0189625
node,,39.6506998,19.8441077
node,,40.0739368,20.1390125
node,Lampadina,39.6258273,19.9198990
node,Tabule Rasa,39.6258006,19.9198343
node,Bakalogatos,39.6258014,19.9200648
node,Kalami Bar - Over the Grocery Store,39.7436851,19.9324126
node,Sway,39.6238372,19.9233077
node,LANS HOTEL,39.7644430,20.0029783
node,Limni Resort,39.7676437,20.0061222
node,Orange Beach Club Ksamil,39.7727445,20.0006605
node,Taverna lani,40.0711979,20.1370381
node,,39.8658207,20.0255620
node,,39.6253222,19.9229679
node,Limani,39.7911901,19.9223220
node,,40.0761106,20.1441788
node,King Mussel Taverna,39.8096685,20.0123966
node,Luka bar,39.7695983,19.9881631
node,Hotel Dea,39.8601706,20.0213397
node,Taverna Brahimi,40.0707244,20.1370151
node,Taverna Pirosia,40.0943159,19.7571052
node,Taverna Dhrami,40.0576679,19.8281382
node,,39.6207679,19.9142328
node,,39.6215966,19.9218250
node,,39.6217803,19.9216888
node,Restorant Tradita,40.0853947,20.1427360
node,,40.0532040,19.8225126
node,,40.0522318,19.8291647
node,,40.0522063,19.8293682
node,Te Stefi Restaurant & Piceri,40.0521381,19.8295496
node,,39.8758114,20.0123089
node,Φλόγα,39.6175659,19.8987268
node,,40.0524162,19.8142742
node,Sur,40.0577081,19.8227948
node,Nemo,40.0568173,19.8031737
node,Te Rrapi i Veronikës,40.0685521,19.8263074
node,Plazhi i Sirenës,40.0916754,19.7548982
node,Zaho's Hotel,40.0934278,19.7568709
node,Ori Mare Hotel,39.7657124,20.0035372
node,Casa Mia,39.8739654,19.9992137
node,Maestro Beach,39.7686433,19.9939013
node,Iznogood,39.6234654,19.9194479
node,Coffee Island,39.6238540,19.8961379
node,,40.0741260,20.1383506
node,Ventus,39.7665897,19.9975962
node,,39.7342130,19.7561235
node,Avalon,39.6238777,19.9217261
node,Chavez,39.6237614,19.9216916
node,Grill Corner,39.6168541,19.8373643
node,Hotel Two Mermaids,39.7629608,19.9968154
node,,39.8710586,20.0001421
node,The Queen’s Lion - Premium Hotel,39.8586292,20.0210765
node,Pastaria,39.8743086,20.0083670
node,,39.7691683,20.0035475
node,,39.7698759,20.0001456
node,Hotel Alexander,39.7670071,20.0001622
node,,39.7739495,20.0020695
node,Amalia Corfu Hotel,39.6741782,19.8397273
node,To Tsipouradiko,39.6260569,19.9206968
node,Eni Restaurant,39.8016565,20.0061453
node,Hotel Monel,39.7642926,19.9999138
node,Paradiso Kafe,39.8739863,20.0142938
node,Ramos Farm,39.8718274,20.1368730
node,FoRest,39.6055379,19.7959492
node,Vittori,39.6241632,19.9234527
node,"Café-Bar ""Spilia""",39.6253683,19.9194804
node,Markata Don Peshk,39.8748874,19.9891429
node,La Vista del Marine,39.8749555,19.9879883
node,Nissali Sea View,39.7245621,19.8955940
node,Harry's Taverna,39.6453920,19.8562700
node,Qiro,39.9370321,20.2686580
node,,39.8707689,20.0260861
node,,39.8703801,20.0254163
node,,39.8702614,20.0255389
node,La banana,39.8739281,20.0072555
node,Balbi 34,39.8741823,20.0074834
node,Limun žut,39.6846382,19.8407170
node,Scheria Island,39.6852996,19.8423928
node,Coffeeboss,39.6851710,19.8380364
node,Angelo's,39.6873827,19.8382302
node,Dassia Margarita,39.6861979,19.8379436
node,Karda Camp Restaurant,39.6852015,19.8412914
node,Mamma Rosa,39.6969173,19.8380012
node,Keken,39.6964942,19.8379395
node,Fresco,39.6872110,19.8432850
node,Beach Bar,39.6874491,19.8436963
node,Oliva,39.6885121,19.8460056
node,Elia,39.6875104,19.8476579
node,,40.0790661,20.1497286
node,Ντάγας Γεύσεις,39.7554671,19.7854050
node,To Botsolo,39.7555904,19.7826700
node,Zen Café,39.6227107,19.9161799
node,Green Lake Kalivoj,39.7565545,20.0491974
node,Παραδοσιακό Καφενείο Το Μποτσολο,39.7555750,19.7825674
node,Debono,39.6481006,19.8432076
node,Mano,39.8710963,20.0022639
node,Mano,39.8710988,20.0022261
node,Palorto,40.0750995,20.1351769
node,Bon Appetit,40.0752975,20.1389024
node,,40.0318590,20.2625856
node,Hotel Riviera,40.0531354,19.8241371
node,Jo&Jo Street Food,40.0532215,19.8234969
node,Cafetierra Plakado,39.6247481,19.9227219
node,Μεσόγειος,39.6103733,19.9253797
node,Nia Boutique Hotel,40.0934583,19.7571435
node,Bar Fane Restaurant,40.0938543,19.7550952
node,,40.0743259,20.1387162
node,Ulu,39.7116635,20.0851134
node,Bella Napoli,39.7018217,19.8405297
node,,39.6478730,19.8547688
node,Olympia Mare,39.6479230,19.8548652
node,Café Maistro,39.6471232,19.8538161
node,Orzo Summer Edition,40.0927962,19.7553084
node,Grill Rondo,40.0932576,19.7556645
node,Ψαράκια του Ντάου,39.6260913,19.9033960
node,Peperi,39.6233983,19.9197061
node,La Luz,39.7907753,19.7890243
node,New Port,39.7907233,19.7892013
node,Παλιό Σπίτι,39.7907346,19.7890833
node,Black Marlin,39.8691488,20.0011872
node,Polo Bar,39.8704123,19.9985637
node,Nemesis,39.8709789,19.9977712
node,Wesli Bar,39.8693876,19.9993688
node,Pizzeria Maria Magdalena,39.8690709,20.0014794
node,,40.0164812,19.8922974
node,Friendly Hostel,40.0708520,20.1343086
node,Aybena Cafe & Restaurant,39.8885925,20.1358175
node,Red Chilli,39.6524842,19.8420499
node,,40.0740845,20.1386297
node,Hotel Lindi,39.8759519,20.0059463
node,,40.0739188,20.1389802
node,Blue Eye Ksamil,39.7695581,20.0027736
node,Kreka,39.8739539,19.9930707
node,Vista Verde,39.8713361,20.0157362
node,Olive Tree,39.8712428,20.0158309
node,Taverna Ftelea Fish,39.8759802,20.0041295
node,Οινομαγειρέματα Ζάχου,39.6235765,19.9156458
node,Κλεψύδρα,39.6238538,19.9150350
node,Restaurant,40.0680876,20.1367938
node,Hotel ABA,39.7710448,20.0034517
node,Hotel ABA,39.7710448,20.0034517
node,Pegasus Beach Bar & Club,39.8842776,19.9614874
node,El Gusto,39.7722359,20.0052007
node,Qiqi,40.0783098,20.1500059
node,Rrapa's Grill Station,39.7672650,20.0023760
node,Sea apartments Himare,40.0928043,19.7554903
node,Fish & Go,40.0921245,19.7549681
node,WG Restaurant Ksamil,39.7702830,20.0001246
node,Fish Bar,39.8773990,20.0110991
node,Pescada,39.5853896,19.8169435
node,Bella Vista Sunset Restaurant,39.5816905,19.8230250
node,Grillhouse Mpotigis,39.5750205,19.8433252
node,Rozafa Place Hotel,39.8529994,20.0226195
node,Gold coffee shop,39.8753971,20.0076259
node,Θράκα,39.5924013,19.8923953
node,Thesskota,39.5921264,19.8924932
node,Euro Hotel,39.7787787,20.0065419
node,Utopia,39.7796275,20.0055781
node,Needle Fish,39.7792853,20.0064258
node,,39.7795617,20.0048275
node,The Smoke House,39.7775042,20.0066370
node,G.L. Hotel,39.7770304,20.0066270
node,L'arte della pizza,39.7759709,20.0059135
node,Sunflower Beach,39.7785527,20.0011583
node,,39.8840768,19.9618679
node,,39.6242201,19.9223264
node,Chill Bean,39.5617251,19.9048253
node,Ο Γύρος,39.6249321,19.9235029
node,Faliraki Cafe Restaurant Corfu,39.6269900,19.9252600
node,,39.5782890,20.2443357
node,,39.5778186,20.2431085
node,Διαμερίσματα Σπίτι Νίκος,39.6383232,19.8374950
node,Venus Beach Bar,39.7885890,19.9184093
node,Hotel Four Islands,39.7709539,20.0056851
node,Lemon Three,39.7711311,20.0058408
node,Koli Apartments,39.7706310,20.0055905
node,Porto Nuovo,39.7901319,19.9221082
node,Cozy Veranda Kristian,39.7708246,20.0057272
node,Villa Shehu,39.7716587,20.0051733
node,Agimi Boutique Hotel,39.7707190,20.0060194
node,Villa Tre Motrat Ksamil,39.7708108,20.0055105
node,Villa Violeta,39.7714081,20.0053136
node,White house 2 Ksamil,39.7719065,20.0050675
node,Villa Fjori Ksamil,39.7711048,20.0073525
node,Ideal House & Apartments,39.7713703,20.0068271
node,Villa Dovinefa,39.7713786,20.0064486
node,Ipsos Beach,39.6973230,19.8369771
node,Heksamil Hotel,39.7767628,20.0081206
node,Pizza Riviera,39.9909418,19.9149079
node,Vila Bora Bora,39.7706052,19.9998283
node,Vila Ylli Gjika,39.7703635,19.9995573
node,Colosseum Hotel,39.7705652,20.0006295
node,Restaurant Çani,40.0661958,20.1348915
node,Taco Odyssey,39.5959067,19.8089330
node,Gatime Tradicionale Ami&Krisa,39.9117778,20.1075958
node,Sunset Apartments,40.0528127,19.8280081
node,Vila Merkuri,40.0917373,19.7576221
node,Rexhos Studios,40.0943904,19.7575742
node,Palapart Gi,39.6530576,19.8390250
node,Green Life Market,39.8788898,20.0056334
node,Sunset Lounge,39.8659175,20.0252306
node,Zahiré,40.0737859,20.1378214
node,Seawave Hotel,39.8543711,20.0213471
node,SOPHRA,39.8546688,20.0211719
node,Hotel Seaview,40.0140673,19.8970124
node,Hotel Panorama,39.8603324,20.0228137
node,Blackhouse Bar & Bistro,39.8493952,20.0229279
node,Monun Hotel,39.7768688,20.0076309
node,Merit Garden,39.7770723,20.0084018
node,Bar Restaurant Vila,39.7725578,20.0030997
node,Basilico Restaurant,39.7694229,20.0030562
node,Vila Erjoni,39.7703636,20.0050912
node,Adriatik Hotel,39.7725537,20.0030246
node,Museum Albanian Authentic Restaurant,39.7685874,20.0014355
node,Vila F&M ksamil,39.7673936,20.0020514
node,Vila Park Bujari,39.7655162,19.9967223
node,MyKsamil Guesthouse,39.7760178,20.0084564
node,Bino Apartments,39.7696259,20.0064830
node,Bleta Grill - Zgare & Helli,39.7728958,20.0046840
node,Oliver's Studios,39.7750679,20.0047919
node,Vila Eri,39.7739872,20.0044834
node,Lord Hotel,39.7764299,20.0049432
node,Otto Hotel,39.7706704,20.0035197
node,Casa Mexicana,39.7730188,20.0045001
node,GIGU Souvlaki & Grill,39.7706489,20.0037483
node,Juice Me Up,39.7690899,20.0003963
node,Vala Taverna,39.7689269,20.0000118
node,Mëndra Traditional Albanian Cuisine,39.7689255,19.9997917
node,Family traditional,39.7686552,20.0000585
node,Traditional House,39.7686060,19.9999108
node,Anchor Seafood Restaurant,39.7691294,19.9991706
node,Black Pearl,39.7689960,19.9983074
node,Mr.Crabs,39.7695754,19.9995766
node,Hotel Villa ADRIAN,39.7701228,20.0012971
node,Koania,39.8735722,20.0065245
node,Twins Bar Cocktails Snacks,39.7688297,20.0020766
node,Simple Lounge,39.7702461,20.0037014
node,Ali Pasha's Table,40.0694180,20.1348223
node,Limani,39.8731590,20.0074565
node,Lezet,39.8734743,20.0060350
node,Vila Margarit,39.8732313,20.0035604
node,Pontil,39.8727194,20.0130999
node,Velamarine,39.8731879,20.0126668
node,Klironomi,39.8734004,20.0058467
node,Ari,39.8734696,20.0061833
node,Republika Grill,39.8733590,20.0055998
node,Guma,39.8738710,20.0074654
node,Jericho,39.8735589,20.0110701
node,Marea,39.8739932,20.0081039
node,Summer,39.8722163,20.0135201
node,Lezet,39.8734382,20.0060429
node,La Mar,39.8732907,20.0053571
node,Rock and Blues Saranda,39.8737402,20.0102166
node,Tipsy,39.8739930,20.0082533
node,NoName,39.8735001,20.0117229
node,Proper Pizza,39.8732078,20.0038542
node,Royal Saranda,39.8730254,20.0042712
node,Boulevard '90,39.8728373,20.0130005
node,Nasto's,39.8737998,20.0098782
node,Naná,39.8738223,20.0072810
node,Valë,39.8736690,20.0067010
node,Hotel Kaonia,39.8736406,20.0065515
node,Republika,39.8734171,20.0057976
node,Old Town Hotel,40.0729881,20.1378627
node,Pizzeria,39.8151727,19.8644582
node,Mareblue Beach Resort,39.8132138,19.8651866
node,Finikas,39.8150984,19.8622534
node,De novo,39.6254430,19.9222305
node,Hotel Konstantinoupolis,39.6259586,19.9199655
node,Coffee Experience,39.6612440,19.8384261
node,ELÉA,40.0946894,19.7666024
node,Arivallos Villa & Spa,39.7906130,19.8071520
node,,39.8153392,19.8644547
node,The Square Steak & Burger Bar,39.7889458,19.9205067
node,Toer Hotel & Spa,39.8750996,20.0057171
node,Evdokia Taverna,39.7646329,19.8748674
way,Corfu Holiday Palace,39.5921601,19.9189769
way,Arion,39.6087749,19.9247958
way,Taverne Georges,39.8120291,19.8369668
way,Avra,39.8091440,19.8336042
way,Taverne Sunset,39.7865561,19.8354010
way,Nikolas,39.7992129,19.8831882
way,Ice Dream,39.8045514,19.8713091
way,Kalamaki Restaurant,39.7988847,19.8836129
way,Ανεμόμυλος,39.6102506,19.9278832
way,Kontokali Bay,39.6490111,19.8599338
way,Menios Taverna,39.6393401,19.9236350
way,,39.7954491,19.8115204
way,Kommeno Bay Bar Café,39.6648993,19.8562297
way,Kamari Apartments,39.7903144,19.8048983
way,Levant,39.5938317,19.8210897
way,Thomas' Place,39.7437803,19.9333868
way,,39.7905422,19.7906885
way,,39.7913418,19.7869989
way,Roxannes,39.7909036,19.7887706
way,,39.7905440,19.7893312
way,,39.7909423,19.7882617
way,New Port,39.7904793,19.7898448
way,Coral,39.7897979,19.7935383
way,Villa Fantasia,39.7328568,19.9119622
way,Hotel Yannis,39.7002309,19.8372833
way,Mayor Mon Repos,39.6100863,19.9270913
way,Elea Beach Hotel,39.6841653,19.8413633
way,Dassia Beach Hotel,39.6822051,19.8410383
way,Sur,40.0625874,19.7942972
way,Prinos,40.0967583,19.7541010
way,Mareblue Beach Resort,39.8139013,19.8649846
way,Corfu Palace,39.6193499,19.9227390
way,Hotel Bella Venezia,39.6211189,19.9220954
way,Παλαιό Φρούριο,39.6231117,19.9285332
way,Hotel Govino Bay,39.6576950,19.8405887
way,Gelina Village Hotel & Resort,39.7978703,19.8220094
way,Angsana Corfu,39.5531903,19.9091911
way,Panorama Hideaway Reception,39.6824391,19.8344389
way,Hotel Telesilla,39.6451202,19.8566520
way,Nireas Apartments,39.7931491,19.8110854
way,La Palma,39.7931952,19.8109586
way,Tales,39.7912056,19.8139719
way,Eriva Hotel,39.7926098,19.8102728
way,Aegli,39.5857407,19.9142287
way,Villa Alexandra,39.7926525,19.8073026
way,Villa Eleftheria,39.7925597,19.8069722
way,"Babis Apartments & Studios ""Iremia""",39.7944547,19.8118237
way,Matoula Apartments,39.7934996,19.8109059
way,Tassos Apartments,39.7942002,19.8121425
way,Theocharis Apartments,39.7945741,19.8125667
way,Ginger Cocktail,39.7918251,19.8161713
way,Hotel Castle,39.7674701,19.9985050
way,Black Rocks,39.5510209,19.8468612
way,Villa Avra,39.6939459,19.8247196
way,Cabo del mar,40.0808420,19.7672614
way,Hotel Nautilus,39.7115954,19.8615342
way,"Domes of Corfu, Autograph Collection",39.5916929,19.8105348
way,,39.5915194,19.8094217
way,Pool Bar,39.6642741,19.8500649
way,Castle Bar&Restaurant,39.7677737,19.9984499
way,Bella Vista,39.7679448,19.9985687
way,La Bodega,39.5850326,19.8194614
way,Nagual,39.5851605,19.8191628
way,Naftis,39.5841257,19.8205579
way,Elisabeta Hotel & Restaurant's,40.0306252,19.8698585
way,Cafe - Auto Market,39.6218978,20.1956217
way,Dreams Corfu Resort & Spa,39.6566569,19.8427952
way,,39.6270444,19.9043349
way,Hola Summer Beach Club,40.0804935,19.7675791
way,Hotel Karos,40.0870588,19.7668243
way,Villa Paja,39.7702269,20.0046719
way,Sebastian's,39.5854224,19.8186965
way,Spyros,39.5852206,19.8187742
way,Petra,39.5826349,19.8216506
way,"Resorti ""Santa Quaranta""",39.8579221,20.0198014
way,Εν πλω,39.6270662,19.9254290
way,,40.0747233,20.1392692
way,Babameto 2,40.0744830,20.1382961
way,Kalemi 2,40.0755242,20.1389791
way,Corner of Bazaar,40.0748454,20.1394820
way,,40.0748012,20.1394050
way,Qoshea,40.0745891,20.1383602
way,Çajupi,40.0744681,20.1396502
way,Fantasy,40.0752768,20.1382944
way,,40.0741623,20.1363287
way,hotel gjirokastra,40.0731628,20.1375918
way,Kotoni,40.0737191,20.1366349
way,Popi Star,39.6510309,19.8449124
way,Hotel Aulona,39.8753593,20.0102694
way,Andon Lapa 1,39.8704131,19.9976057
way,Paradise Hotel,39.6564272,19.8371565
way,Saint Nicholas Hotel,39.6568624,19.8355981
way,Sunset,39.6338849,19.8798008
way,,39.7923834,19.8103476
way,,39.7426121,20.0188273
way,Rivas,39.7675512,20.0027481
way,Hotel Joni,39.7683211,20.0018749
way,,39.7686104,20.0023818
way,Tani's Guesthouse,39.7677238,20.0007784
way,Hotel Bazaj,39.7693795,20.0030102
way,Hotel Ilio,39.7697622,20.0039195
way,Crepes Pallacinka,39.7681825,20.0030141
way,Guvat,39.7730223,19.9995114
way,Hotel Driloni,39.7684060,20.0016529
way,Gostivari,39.7684806,20.0025406
way,Pizza Ihlas,39.7688193,20.0035557
way,Vila August,39.7703740,20.0043086
way,6 Milje Hotel,39.7704315,20.0045921
way,Vila Ideal,39.7708625,20.0043639
way,Tirana Hotel,39.7711707,20.0044503
way,Vila Marku Soana,39.7713739,20.0043330
way,Lime Restaurant & Cocktail Bar,39.7719729,20.0043890
way,Hotel Kroi,39.7754422,20.0064015
way,Jimmy Blue Eyes,39.7773978,20.0138568
way,Artur Hotel,39.7791443,20.0077912
way,Pizza Malasi,39.7764343,20.0070252
way,Hotel Marikseli,39.7762666,20.0067691
way,Hotel Villa Qendra,39.7760706,20.0064809
way,,39.7743914,20.0050842
way,Hotel Murati,39.7730931,20.0044464
way,Hotel Ardiani,39.7725791,20.0041073
way,Alma,39.7738306,20.0025551
way,Stela Beach Restaurant,39.7733556,20.0028866
way,Redi,39.7726121,20.0027197
way,Geri,39.7721769,20.0021368
way,Hotel Center,39.7721739,20.0013088
way,Bar Restaurant Korali,39.7728533,20.0002496
way,Just the best Pipuli,39.7723425,19.9984990
way,Restorant Piceri Abiori,39.7728520,19.9990044
way,Pizza Rei Rai,39.7696371,20.0001446
way,Hotel Majestic,39.7702541,19.9987622
way,Bar Restorant 3 Ishujt,39.7730618,19.9974231
way,Restaurant Rilinda,39.7730625,19.9981117
way,Bar Restorant Apollonia,39.7725591,19.9977588
way,Crystal Blue Apartments,39.7245595,19.8857942
way,,39.9335359,19.9771446
way,Vila Kafe,39.9962507,19.9077906
way,,40.0300175,19.8698935
way,Amalia Apartments,39.7917178,19.8052318
way,Rapo's Hotel,40.0935759,19.7577280
way,Pantokrator Hotel,39.7218153,19.8739620
way,Caryatides,39.7195176,19.8704098
way,Starlight,39.7195244,19.8710724
way,Grand Hotel,39.8691843,20.0141951
way,Resort Kerculla,40.0731067,20.1320734
way,Te Raqi,40.0785562,20.1375415
way,Eλιά Mirtiotissa,39.5957853,19.8011420
way,Bella Vista,39.5971270,19.7958591
way,Lookea Sunshine,39.7258399,19.9046033
way,Angela Beach,39.7937320,19.7636760
way,Benistes Bay View,39.5604522,19.9053186
way,Paloma Blanca Hotel,39.6890828,19.8364518
way,Villa Karmar,39.6872621,19.8317610
way,Daphnila Bay Dassia,39.6665029,19.8501891
way,Building B - Rooms 301-315 401-419 501-519 601-614,39.7940287,19.7644409
way,Poolbar und Restaurtantbereich,39.7939812,19.7635931
way,Building D Rooms 722 - 742,39.7933327,19.7649577
way,Building C Rooms 701-721,39.7936962,19.7649374
way,Building E Rooms 743 - 763,39.7933871,19.7645569
way,Building F Rooms 764 - 784,39.7930034,19.7646072
way,Building G Rooms 801 - 832,39.7933580,19.7641380
way,Angela Beach,39.7936786,19.7641084
way,Poolbar,39.7937366,19.7643800
way,Mamma Mia,39.7262763,19.9049896
way,Liberty's Taverna,39.8077043,19.8342988
way,,39.6157357,19.8381107
way,Valta,40.0524639,19.8164548
way,Hotel Palace,39.9919800,19.9160768
way,,40.0348381,20.1800507
way,Hotel Maestral,39.8669466,20.0159637
way,Pyramid City Restaurant & Bar,39.8153154,19.8658250
way,Lido Sofia Apartments,39.5503293,19.8512487
way,Mazis Hotel & Apartments,39.5502131,19.8522115
way,Restaurant St. George's Bay Country Club,39.7992897,19.8190140
way,,39.8488704,20.0206978
way,Ξενοδοχείο Θίναλος,39.7952933,19.8147325
way,Club Suite Hotel Ionian Princess,39.7951882,19.8163526
way,Catamaran,39.7922536,19.8215822
way,Restia Suites,39.8050991,19.8300413
way,Dassia Beach Pension,39.6819261,19.8397218
way,Oasis,39.5802796,19.9138225
way,Beach Bar,39.5802801,19.9140509
way,,39.5800676,19.9140221
way,Hotel Biraci,39.7722258,20.0048845
way,Villa Marku Soanna,39.7715755,20.0048922
way,Vila Kuburi,39.7720118,20.0056749
way,Holiday Home Violeta,39.7720946,20.0067444
way,Reshat Sulozeqi Apartments,39.7719101,20.0067956
way,Apartment Timo-Arti,39.7715678,20.0061098
way,Hotel Murataj 1,39.7636970,20.0022058
way,Michelles Apartaments,39.7647149,20.0029388
way,Hotel Esmeralda,39.7638015,20.0025403
way,Blue House,39.7783024,20.0070389
way,Hotel Mollyani,39.7693055,20.0001826
way,Mr. Chicken,39.7693565,20.0002592
way,Dema Guesthouse,39.7746645,20.0076355
way,Villa Daci,39.7683468,20.0026917
way,Angela,39.6587342,19.8381965
way,Corifo Village,39.7938174,19.8206380
way,Villa Anna Castello,39.6906650,19.8333633
way,Ηλίας,39.5668565,19.8642244
way,NOSTOS food Hall,39.6067948,19.8953881
way,Ciao Borshi,40.0362462,19.8650090
way,Cocktails & Dreams,39.7447918,19.9339096
way,Sea Breeze,39.7444076,19.9342486
way,Taverna Kalami Beach,39.7442887,19.9342501
way,Hotel Bar Restaurant Juza,40.0411875,19.8602668
way,Perla,39.9983645,19.9076760
way,Horizonti,40.0301448,19.8698689
way,,40.0351261,19.8658130
way,,40.0345207,19.8663656
way,,40.0473558,19.8487294
way,Ariti Grand Hotel,39.5932380,19.9182767
way,Art Gallery Dea,39.7463736,20.0208688
way,,39.8154533,19.8658138
way,Villa Nertili,39.7751976,20.0089124
way,,39.5619590,19.9033527
way,,39.5617652,19.9051542
way,Agathi Cafe Snack Bar,39.7198482,19.8736636
way,Almyros Village,39.8002573,19.8279576
way,Aroggia Farm,39.7649610,19.7648877
way,Glyfada Beach Hotel,39.5947394,19.8045138
way,Eleals Hotel,39.5730424,19.9111912
way,Ikos Dassia,39.6791864,19.8392468
way,Acharavi Garden,39.7924460,19.8083235
way,Robolla Beach,39.7955803,19.7814916
way,Robolla Beach,39.7954735,19.7815629
way,Spiros Taverna,39.6046951,19.7959099
way,Hotel Monte Cristo,39.8734862,20.0127955
way,Street Food Cafe,39.6067953,19.9152666
way,Αρκάδιον,39.6234765,19.9231895
way,Αρτέμης,39.6231178,19.9194919
way,Lunatico,39.6212437,19.9155952
way,Φοιτητική Λέσχη,39.6204625,19.9153096
way,Εστιατόριο Διδακτικού Προσωπικού,39.6203782,19.9155822
way,Sotiris,39.9092692,20.0950991
way,Kalemi's,39.8715172,19.9929167
way,Velco BB,40.0947691,19.7589099
way,Ray Hotel,39.5798199,19.9141344
way,Hotel Sole,39.8513476,20.0221256
way,Hotel Corfu Secret,39.7083484,19.8381105
way,Yaliskari Hotel Closed,39.5767036,19.8270305
way,Γυαλισκάρι Ταβέρνα,39.5778828,19.8259408
way,Pool Bar,39.5830897,19.8212735
way,Lili 2,39.8644362,20.0187676
way,Gallery Irish Pub,40.0743365,20.1381621
way,Bukowski,40.0754283,20.1391200
way,Medusa Seaside Restaurant,39.7946943,19.8099435
way,Rebetika,39.7920411,19.8170455
way,Theritas,39.7922516,19.8177983
way,See You Coffees,39.7943566,19.8200111
way,NAUTILOS,39.6107725,19.9276509
way,Lena Mare,39.7931763,19.8204804
way,,39.5915943,19.8091060
way,,39.5919989,19.8085436
way,Taverna Restaurant Golden Beach,39.5922581,19.8089912
way,Pazuzu,39.5924054,19.8079934
way,Gorgona,39.5927947,19.8076512
way,,39.5943568,19.8040395
way,,39.5945102,19.8040991
way,Dimas Caffe Bar & Swimming Pool,39.7892556,19.9241143
way,,39.6091957,19.7804193
way,Butrinti,39.8709530,20.0146999
way,Butrinti,39.8712471,20.0147334
way,,39.8614341,20.0198728
way,Pleiades Restaurant,39.6178183,19.8386766
way,Mulino Beach,39.7829567,20.0065122
way,Pelekas Grill,39.5917714,19.8216277
way,Pink Panther,39.5934127,19.8184424
way,,39.6069207,19.8121536
way,Yiannis Taverna Krouzeri,39.7299795,19.9179911
way,Varzas,39.7177182,19.7919550
way,,39.5723924,19.8748323
way,,39.5722606,19.8743673
way,Ο Μπόντζης,39.5710593,19.8748734
way,Το Πέτρινο,39.5711444,19.8745734
way,,39.7281455,19.9134431
way,,39.7285820,19.9141108
way,Royal Baths Mon Repos,39.6089883,19.9264910
way,ORA,39.6219292,19.9252740
way,Imabari,39.6265061,19.9250325
way,Φλοισβος,39.5907536,19.9179573
way,Pontikonisi,39.5847158,19.9145687
way,,39.5785293,19.9136468
way,,39.8026919,20.0041005
way,Almyros Beachresort & Spa,39.8074475,19.8322208
way,Atlantica Nissaki Beach,39.7319220,19.9208223
way,Argo Hotel,39.5855394,19.9102756
way,Maria's Paradise,39.7933079,19.7576045
way,Elea Beach Bar,39.6841130,19.8418379
way,,39.6572880,19.8379038
way,Bar,39.6160297,19.8375490
way,San Marino,39.5620021,19.9040612
way,,39.6301014,19.8835052
way,Ταβέρνα Αλυκές,39.6369533,19.8746446
way,Nautilus Barbati Beach Snack Bar & Restaurant,39.7173113,19.8685968
way,Bahia Mare,39.7187841,19.8705481
way,Damianos Lounge Cafe & Cocktail Bar,39.7665429,19.9473975
way,Villa Balbi 34,39.8741675,20.0075484
way,Alexandros Taverna,39.7950618,19.7817012
way,,39.9879853,20.2655403
way,Solaris Beach Bar,40.0520350,19.8148770
way,Στου Χαριλάου,39.7449094,19.8187476
way,Rodostamo Restaurant,39.6635005,19.8450544
way,Taverna Kaci,40.0496415,19.8506481
way,Rodostamo Boutique Hotel & Villas,39.6639538,19.8468462
way,Moukas,39.6526127,19.8436386
way,Momento Pizza,39.7690324,20.0018890
way,Hotel Number One,40.0785604,20.1372493
way,,39.8761523,19.9816026
way,SOPHRA  | Traditional Albanian Restaurant Saranda,39.8546678,20.0211550
way,Observatory Restaurant Saranda - Food | Cocktails | Sea Views,39.8763182,20.0154722
way,Dreams Corfu Resort & Spa,39.6566442,19.8427985
relation,Dionysos,39.7196141,19.8709592
relation,Lord Byron,39.7197609,19.8707248
relation,Panorama,39.6652649,19.8504091
relation,Grecotel Corfu Imperial,39.6658417,19.8595917
relation,Grecotel Eva Palace,39.6665101,19.8559188
relation,Ξενοδοχείο Aqualand,39.6172195,19.8392985
